source_title,show_id,title,type,rating,listed_in,similarity_score
Dick Johnson Is Dead,s7913,S.W.A.T.,Movie,PG-13,Action & Adventure,0.45754627450929636
Dick Johnson Is Dead,s6848,Ghost Rider,Movie,PG-13,"Action & Adventure, Sci-Fi & Fantasy",0.38403815621880516
Dick Johnson Is Dead,s7242,Kung Fu Panda: Holiday,Movie,TV-PG,"Children & Family Movies, Comedies",0.3839372038420054
Dick Johnson Is Dead,s8001,She Did That,Movie,TV-PG,Documentaries,0.3823480646670672
Dick Johnson Is Dead,s7611,NOVA: Killer Floods,Movie,TV-PG,Documentaries,0.3823480646670672
Ganglands,s1237,Sentinelle,Movie,TV-MA,"Action & Adventure, Dramas, International Movies",0.8473876603791453
Ganglands,s2669,Earth and Blood,Movie,TV-MA,"Dramas, International Movies, Thrillers",0.7735189460719992
Ganglands,s6543,Crime Time,TV Show,TV-MA,"Crime TV Shows, International TV Shows, TV Action & Adventure",0.6965825412993607
Ganglands,s735,Lupin,TV Show,TV-MA,"Crime TV Shows, International TV Shows, TV Action & Adventure",0.6965825412993607
Ganglands,s554,Mortel,TV Show,TV-MA,"Crime TV Shows, International TV Shows, TV Dramas",0.6289104873487622
